;OBJECTID;MXLOCATION;type;status;descriptio;GlobalID;geometry
0;1;ALB;ACSTN;COMMISSIONED;Albany;33139fc0-d234-4d39-b830-4d99d2bf4a7a;POINT (1750929.0001 5932699.0001)
1;2;APS;ACSTN;COMMISSIONED;Arthurs Pass;01de4caf-60df-428a-8c17-c825b41ccdea;POINT (1483256.0001 5243850.0001)
2;3;ARA;ACSTN;COMMISSIONED;Aratiatia;a73e54b3-3587-4cee-a298-ae25174e1cea;POINT (1873657.0001 5721161.0001)
3;4;ARG;ACSTN;COMMISSIONED;Argyle;829bc502-619f-445d-9191-51cbb7b650ca;POINT (1616837.0001 5386748.0001)
4;5;ARI;ACSTN;COMMISSIONED;Arapuni;aa066047-a488-4f3e-9a8d-5fa6cc0bb02f;POINT (1831847.0001 5782925.0001)
5;6;ASB;ACSTN;COMMISSIONED;Ashburton;d0a815b1-b64a-406c-b8f0-c71f6e3435f4;POINT (1503871.0001 5133909.0001)
6;7;ASY;ACSTN;COMMISSIONED;Ashley;2395143a-acdb-4177-b463-eaf8881765b4;POINT (1569375.0001 5209968.0001)
7;8;ATI;ACSTN;COMMISSIONED;Atiamuri;df4ed277-953a-4bc0-895a-0402ded96f18;POINT (1863993.0001 5746266.0001)
8;9;ABY;ACSTN;COMMISSIONED;Albury;c93dffcf-712d-481d-95df-b2b248ae9c78;POINT (1424397.0001 5097843.0001)
9;10;ADD;ACSTN;COMMISSIONED;Addington;ee227d97-4f5f-4b14-a0ad-df689e250d53;POINT (1567884.0001 5179259.0001)
10;11;ATU;ACSTN;COMMISSIONED;Atarau;179c2a27-5720-4788-96fd-df9a7f94a69d;POINT (1479770.0001 5314014.0001)
11;12;AVI;ACSTN;COMMISSIONED;Aviemore;50e08815-fe9e-49af-a157-1624416c0754;POINT (1390245.0001 5051586.0001)
12;13;BAL;ACSTN;COMMISSIONED;Balclutha;ba7102ae-78fb-416e-b060-621f2c9b5f9a;POINT (1350994.0001 4875583.0001)
13;14;BDE;ACSTN;COMMISSIONED;Brydone;f8064d7b-c230-47c9-9ee1-9d9dcfd49202;POINT (1279333.0001 4872602.0001)
14;15;BEN;ACSTN;COMMISSIONED;Benmore AC;0a057619-5453-41a4-bf91-3af0cdb5e45e;POINT (1377232.0001 5061385.0001)
15;16;BLN;ACSTN;COMMISSIONED;Blenheim;921fd6b7-5ea0-42f0-9c56-30388d57e0c3;POINT (1677835.0001 5405479.0001)
16;17;BOB;ACSTN;COMMISSIONED;Bombay;cd37a0e3-8ce2-49bd-8266-a096f0b7fdf2;POINT (1777554.0001 5882318.0001)
17;18;BHL;ACSTN;COMMISSIONED;Brownhill Road;93b017ac-a013-4aa3-a7cc-5a650d331de3;POINT (1774444.9101 5906262.7201)
18;19;BPD;ACSTN;COMMISSIONED;Bells Pond;48ccab53-3cf8-4405-b181-20a5f491ba1e;POINT (1438716.0001 5027527.0001)
19;20;BPE;ACSTN;COMMISSIONED;Bunnythorpe;9b27c7f4-7264-4a1a-94db-31ea08459032;POINT (1824482.0001 5537672.0001)
20;21;BPT;ACSTN;COMMISSIONED;Black Point;bdea3101-2ec2-4508-9f27-8b6520c958d4;POINT (1426227.0301 5027118.8901)
21;22;BRB;ACSTN;COMMISSIONED;Bream Bay;8a232898-7ce7-4f7f-8ce1-394bb2e62a70;POINT (1733637.0001 6031785.0001)
22;23;BRK;ACSTN;COMMISSIONED;Brunswick;ce248b8a-d7ad-4677-98a4-1133f1e5ee54;POINT (1775381.0001 5584691.0001)
23;24;BRY;ACSTN;COMMISSIONED;Bromley;5487694c-abd3-4644-af6d-add1628f89a4;POINT (1575608.0001 5180029.0001)
24;25;BWK;ACSTN;COMMISSIONED;Berwick;23090646-b875-40cd-8af2-263736e06029;POINT (1375380.0001 4908481.0001)
25;26;CBG;ACSTN;COMMISSIONED;Cambridge;99975078-25b8-4bdb-902c-fe2e5eae8e78;POINT (1818482.0001 5805622.0001)
26;27;CLH;ACSTN;COMMISSIONED;Castle Hill;f02dde6b-85ea-4817-b10e-2b09d916c145;POINT (1496824.0001 5214719.0001)
27;28;CML;ACSTN;COMMISSIONED;Cromwell;a920b6e5-df41-4baa-a3b8-a45fc65dcf22;POINT (1300103.0001 5003434.0001)
28;30;COL;ACSTN;COMMISSIONED;Coleridge;aebbbfbc-a051-4314-a271-4d6188a23d0c;POINT (1480646.0001 5197734.0001)
29;31;CPK;ACSTN;COMMISSIONED;Central Park;f6cbfd38-4b43-44c6-a28d-33225e69f9a5;POINT (1748149.0001 5426363.0001)
30;32;CST;ACSTN;COMMISSIONED;Carrington Street;3e08eadf-3fca-4e33-9a7b-b8fd345379db;POINT (1694035.0001 5673654.0001)
31;33;CUL;ACSTN;COMMISSIONED;Culverden;5ebdafc6-b646-4ef2-a65a-566bb22e5963;POINT (1589859.0001 5270393.0001)
32;34;CYD;ACSTN;COMMISSIONED;Clyde;36b32aac-b804-4e66-8c21-2a1409ec7fd5;POINT (1309791.0001 4990371.0001)
33;35;DOB;ACSTN;COMMISSIONED;Dobson;0baf3c41-aad1-4f44-8ef5-c53ddefb206f;POINT (1460288.0001 5298504.0001)
34;36;DRY;ACSTN;COMMISSIONED;Drury;80beebf9-4bba-41e8-8dbc-4b1f0da455d1;POINT (1774160.0001 5889442.0001)
35;37;DVK;ACSTN;COMMISSIONED;Dannevirke;93164872-4606-4186-919c-a64b97a8faf9;POINT (1858006.0001 5546736.0001)
36;38;EDG;ACSTN;COMMISSIONED;Edgecumbe;211c6b97-86e0-48cf-a151-a20c44000076;POINT (1936284.0001 5788677.0001)
37;39;EDN;ACSTN;COMMISSIONED;Edendale;8f9c7a34-95d9-4697-8078-ede57f289f48;POINT (1274964.0001 4862682.0001)
38;40;FHL;ACSTN;COMMISSIONED;Fernhill;79ecbfaf-eca4-41bc-83dd-50597b026444;POINT (1923083.0001 5609948.0001)
39;41;FKN;ACSTN;COMMISSIONED;Frankton;a0e584fb-e652-42a5-b4d1-3c914601ec05;POINT (1264313.0001 5007062.0001)
40;42;GFD;ACSTN;COMMISSIONED;Gracefield;51e7b6c5-87ef-496f-b742-e5e39b27dfcb;POINT (1760647.0001 5432797.0001)
41;44;GLN;ACSTN;COMMISSIONED;Glenbrook;fba43020-66f0-4175-8b3a-2a3891be0409;POINT (1753635.0001 5881167.0001)
42;45;GYM;ACSTN;COMMISSIONED;Greymouth;cb05e2c6-6469-4dc9-95aa-b2bd62182974;POINT (1453179.0001 5298172.0001)
43;46;GYT;ACSTN;COMMISSIONED;Greytown;c6343377-f1bd-427f-a0bd-be7002076516;POINT (1804621.0001 5445253.0001)
44;47;HAM;ACSTN;COMMISSIONED;Hamilton;e9fcfdb9-6e53-44db-9885-9a32066adcbb;POINT (1802987.0001 5816159.0001)
45;48;HAY;ACSTN;COMMISSIONED;Haywards AC;4d5b7e57-482a-4525-97e8-f2e6cdd8334a;POINT (1766258.0001 5442603.0001)
46;49;HEN;ACSTN;COMMISSIONED;Henderson;8a2f2de9-7be0-4d42-9bf2-3bcf5b1f1bb2;POINT (1744226.0001 5921548.0001)
47;50;HEP;ACSTN;COMMISSIONED;Hepburn Road;33b6104d-d762-4f84-9959-9b43c8c298cd;POINT (1747934.0001 5916486.0001)
48;51;HIN;ACSTN;COMMISSIONED;Hinuera;aa39b34c-2272-45d1-9cdd-85471c9e8b85;POINT (1843078.0001 5799495.0001)
49;52;GOR;ACSTN;COMMISSIONED;Gore;1ce23065-b815-4302-992b-eab11d629369;POINT (1284097.0001 4885035.0001)
50;53;HKK;ACSTN;COMMISSIONED;Hokitika (Westpower);267710f9-8f61-4ab6-81fc-80a246c0a736;POINT (1434864.0001 5267776.0001)
51;54;HLY;ACSTN;COMMISSIONED;Huntly;952ed867-58c5-49e3-a92a-9951435d7a13;POINT (1790106.0001 5842852.0001)
52;55;HOB;ACSTN;COMMISSIONED;Hobson Street;e73ac662-95ce-4775-8ec6-1410c91000e0;POINT (1757117.0001 5920840.0001)
53;56;HOR;ACSTN;COMMISSIONED;Hororata;5c4e1bc7-de8c-4800-913a-560116ee1a2a;POINT (1517688.0001 5178084.0001)
54;57;HPI;ACSTN;COMMISSIONED;Huapai;a205cca8-47dc-434c-a5a7-20ce8e0b62ae;POINT (1737565.0001 5930600.0001)
55;58;HTI;ACSTN;COMMISSIONED;Hangatiki;8359b47a-7880-450e-a728-17cdd6c09109;POINT (1790574.0001 5764029.0001)
56;59;HUI;ACSTN;COMMISSIONED;Huirangi;466e941a-47fa-40c9-8d31-b51d0b5a8566;POINT (1707053.0001 5677676.0001)
57;60;HWA;ACSTN;COMMISSIONED;Hawera;dbe240b1-1325-4794-8c8f-aafb81b630b8;POINT (1712536.0001 5619536.0001)
58;61;HWB;ACSTN;COMMISSIONED;Halfway Bush;3f530fdf-fdca-41ba-b61e-c7746ed467e9;POINT (1404021.0001 4918942.0001)
59;62;IGH;ACSTN;COMMISSIONED;Inangahua;b67ea681-8d34-42c1-9612-6a71d3fce392;POINT (1513140.0001 5365652.0001)
60;63;INV;ACSTN;COMMISSIONED;Invercargill;b0b5d4cc-c705-45a1-a133-63a4bfa866ff;POINT (1245783.0001 4851991.0001)
61;64;ISL;ACSTN;COMMISSIONED;Islington;b1096d07-94f6-4592-8354-92d4575ce828;POINT (1560548.0001 5179498.0001)
62;65;KAI;ACSTN;COMMISSIONED;Kaiapoi;6892ceaa-3508-433f-8d17-8acb16d80f11;POINT (1570680.0001 5196745.0001)
63;66;KAW;ACSTN;COMMISSIONED;Kawerau;912468cf-62a4-4d00-959d-d6c70cd573d8;POINT (1926573.0001 5779107.0001)
64;67;KIK;ACSTN;COMMISSIONED;Kikiwa;d43eac22-32d6-42ee-9afa-7441de457849;POINT (1589504.0001 5386476.0001)
65;68;KIN;ACSTN;COMMISSIONED;Kinleith;15c671b9-0629-4d2b-8480-9e693c8628d8;POINT (1852212.0001 5760024.0001)
66;69;KPO;ACSTN;COMMISSIONED;Karapiro;7113fa1a-7a4b-4570-aca5-c2fd950838fc;POINT (1823029.0001 5799542.0001)
67;70;KPU;ACSTN;COMMISSIONED;Kopu;68492373-4fb8-4d29-a5df-f8426527d6ba;POINT (1830938.0001 5880678.0001)
68;72;KUM;ACSTN;COMMISSIONED;Kumara;933c5587-0958-48aa-8944-b1abff2323dd;POINT (1452052.0001 5278084.0001)
69;73;KWA;ACSTN;COMMISSIONED;Kaiwharawhara;1050a5a6-1fc5-4f8d-9575-e3d8df888abf;POINT (1750000.0001 5430943.0001)
70;74;LFD;ACSTN;COMMISSIONED;Lichfield;100627a9-2760-4fd2-b425-4319f2a30e39;POINT (1847524.0001 5775603.0001)
71;76;KMO;ACSTN;COMMISSIONED;Kaitimako;1164c5bc-0871-40f3-9dc1-dd2f39ad3b10;POINT (1879255.0001 5818364.0001)
72;77;KOE;ACSTN;COMMISSIONED;Kaikohe;4ad4bec6-6255-4777-a569-37e7b245dd11;POINT (1673612.0001 6082717.0001)
73;78;LIV;ACSTN;COMMISSIONED;Livingstone;440ebd4a-5e38-4f11-91fb-74626c5837d7;POINT (1413503.0001 5021769.0001)
74;79;LTN;ACSTN;COMMISSIONED;Linton;410269b6-f1e3-4bd9-92ca-3128fcd7acab;POINT (1823280.0001 5523362.0001)
75;80;MAN;ACSTN;COMMISSIONED;Manapouri;cf78b859-b67f-40dd-b69a-11b371ae84db;POINT (1153139.0001 4943246.0001)
76;81;MAT;ACSTN;COMMISSIONED;Matahina;e7ff14f5-cab4-4076-ab40-f546ac67cbc4;POINT (1934456.0001 5774722.0001)
77;82;MCH;ACSTN;COMMISSIONED;Murchison;02bcfd74-740f-4454-95d7-2578867a4483;POINT (1544903.0001 5373459.0001)
78;83;MDN;ACSTN;COMMISSIONED;Marsden;a674db52-1407-4060-b6fe-b67ee95a0d52;POINT (1732421.0001 6028845.0001)
79;84;MER;ACSTN;COMMISSIONED;Meremere;d41bef07-30b1-495b-8038-17e024aef76a;POINT (1783300.0001 5868174.0001)
80;85;MGM;ACSTN;COMMISSIONED;Mangamaire;5202f2b6-beda-47ea-8c04-4849c5418f09;POINT (1833130.0001 5511184.0001)
81;86;MHO;ACSTN;COMMISSIONED;Mangahao;9e824aaa-0414-4015-9861-581a7c23a21e;POINT (1807282.0001 5505363.0001)
82;87;MLG;ACSTN;COMMISSIONED;Melling;8cce7e82-5c90-4cd7-be9f-cc0e59e1a024;POINT (1760654.0001 5437236.0001)
83;88;MNG;ACSTN;COMMISSIONED;Mangere;b0f411d9-eee5-4f1a-8010-92ddaf6b1b8a;POINT (1762702.0001 5907696.0001)
84;89;MNI;ACSTN;COMMISSIONED;Motunui;11614dfc-0d2b-42a6-9de6-cc8b0c70a2fa;POINT (1711561.0001 5683109.0001)
85;91;MPE;ACSTN;COMMISSIONED;Maungatapere;b3e85801-a760-4ed2-aec1-b5f2151b731f;POINT (1709127.0001 6041290.0001)
86;93;MTI;ACSTN;COMMISSIONED;Maraetai;dbe9c1ca-f6e9-4078-b7a9-7eb02287fc0b;POINT (1839768.0001 5751500.0001)
87;94;MTM;ACSTN;COMMISSIONED;Mt Maunganui;99b43886-4d37-4462-abf1-580e6d7d8db4;POINT (1883459.0001 5825059.0001)
88;95;MTN;ACSTN;COMMISSIONED;Marton;0d473ecc-996c-4389-a43b-074fcfcb54e2;POINT (1801201.0001 5558141.0001)
89;96;MTO;ACSTN;COMMISSIONED;Maungaturoto;af7bd0d8-d3ad-41f9-b9f5-06d1960490ba;POINT (1722370.0001 6005583.0001)
90;97;MTR;ACSTN;COMMISSIONED;Mataroa;62e12d80-4c36-420a-80bf-195f02958771;POINT (1831802.0001 5606722.0001)
91;98;MST;ACSTN;COMMISSIONED;Masterton;dc6db9d1-f952-47ae-bc89-e6a6a55eb468;POINT (1819725.0001 5460470.0001)
92;99;NAP;ACSTN;COMMISSIONED;Nga Awa Purua;fb35bd4a-ec52-442b-a609-1dfbdd54f711;POINT (1877217.0001 5721300.0001)
93;100;NMA;ACSTN;COMMISSIONED;North Makarewa;870ee868-fc5a-4893-95cc-29a2fd3c9f46;POINT (1242674.0001 4861597.0001)
94;101;NPK;ACSTN;COMMISSIONED;National Park;9db71ffb-5f6f-48bf-ab3a-77b7e147c4d6;POINT (1807260.0001 5662951.0001)
95;102;NPL;ACSTN;COMMISSIONED;New Plymouth;dc3cf858-ba2f-4d01-8594-80c53ec5d955;POINT (1688836.0001 5676251.0001)
96;103;NSY;ACSTN;COMMISSIONED;Naseby;75ef6f2a-e916-40e4-86ef-d0c35714508e;POINT (1371044.0001 5009246.0001)
97;104;OAM;ACSTN;COMMISSIONED;Oamaru;91326167-ffd9-4fcd-9eb5-1eb3bd1a4dce;POINT (1436054.0001 5007238.0001)
98;105;OHA;ACSTN;COMMISSIONED;Ohau A;5541be8d-bd6e-4fb5-b3c6-f5fdcf8e9727;POINT (1362893.0001 5094306.0001)
99;106;OHB;ACSTN;COMMISSIONED;Ohau B;86839fe5-5063-41de-9f1e-d8eef19b4bd6;POINT (1369523.0001 5090583.0001)
100;107;OHC;ACSTN;COMMISSIONED;Ohau C;56ca4e68-ed21-4b9a-92f6-7f31d128d988;POINT (1375191.0001 5086131.0001)
101;108;OHK;ACSTN;COMMISSIONED;Ohakuri;a225905c-d9c2-4d5b-820c-77bbd570be66;POINT (1869460.0001 5744407.0001)
102;109;OHW;ACSTN;COMMISSIONED;Ohinewai;1256ec51-1cd9-4447-b4cd-4f59d589cc03;POINT (1803061.8834 5849623.942)
103;110;OKE;ACSTN;COMMISSIONED;Okere;dc440db8-ccc2-4b17-abf1-9ff00551bc48;POINT (1893222.0001 5785558.0001)
104;111;OKI;ACSTN;COMMISSIONED;Ohaaki;20410d62-9c27-49d9-996d-a2b4a37e26ee;POINT (1887000.0001 5730455.0001)
105;112;OKN;ACSTN;COMMISSIONED;Ohakune;accf76d1-d0b6-4843-8eed-46800d0a3575;POINT (1803835.0001 5633184.0001)
106;113;ONG;ACSTN;COMMISSIONED;Ongarue;24aa075f-0df6-4fd9-ad7e-1c7646e093a1;POINT (1789617.0001 5709183.0001)
107;114;OPK;ACSTN;COMMISSIONED;Opunake;e95d9634-2997-4021-b27f-9650bf36bf79;POINT (1679853.0001 5639246.0001)
108;115;OTA;ACSTN;COMMISSIONED;Otahuhu;8cda1836-188e-40fe-8a01-7ee259b7ae6c;POINT (1765841.0001 5908477.0001)
109;116;OTG;ACSTN;COMMISSIONED;Otahuhu Power Station;a0f93549-3ef5-49ac-870c-3bb018d728cc;POINT (1766060.7233 5908947.0691)
110;117;OTI;ACSTN;COMMISSIONED;Otira;8c224497-41a7-4f3a-8df9-a3c42a248743;POINT (1482697.0001 5256873.0001)
111;118;OWH;ACSTN;COMMISSIONED;Owhata;34074162-0c69-4df4-aab2-bf41d0f3b394;POINT (1891300.0001 5774545.0001)
112;119;PAK;ACSTN;COMMISSIONED;Pakuranga;552f3963-ac6c-496a-afd5-596b898fcd76;POINT (1769820.0001 5911645.0001)
113;121;PAO;ACSTN;COMMISSIONED;Piako;184699b3-9611-416c-900b-1e033b08694d;POINT (1825912.0001 5829853.0001)
114;123;PEN;ACSTN;COMMISSIONED;Penrose;8e6b5e5d-1c75-4fad-ae2c-8c5106d04e84;POINT (1761868.0001 5914165.0001)
115;124;PNI;ACSTN;COMMISSIONED;Pauatahanui;7537236a-bcd4-499c-8a61-44a993f6d499;POINT (1761116.0001 5447292.0001)
116;125;PRM;ACSTN;COMMISSIONED;Paraparaumu;a275d882-df31-4cca-83a2-0c37538df78f;POINT (1769434.0001 5467577.0001)
117;126;PPI;ACSTN;COMMISSIONED;Poihipi;514377eb-b8c4-4aa2-8738-b0d82a3137be;POINT (1864742.0001 5719912.0001)
118;127;RDF;ACSTN;COMMISSIONED;Redclyffe;67c1c056-2b07-4c86-816f-9961f82b01db;POINT (1928423.0001 5615041.0001)
119;128;ROB;ACSTN;COMMISSIONED;Robertson Street;fd5f3c2d-a7d0-4ff4-a33e-6a565eaf8c2a;POINT (1484560.0001 5375367.0001)
120;129;ROS;ACSTN;COMMISSIONED;Mount Roskill;ff5ce948-2b2f-4258-9831-6c449ac848ca;POINT (1753729.0001 5913294.0001)
121;130;ROT;ACSTN;COMMISSIONED;Rotorua;7f96d2a2-7fe8-4ef1-982f-172408680d65;POINT (1882791.0001 5772812.0001)
122;131;ROX;ACSTN;COMMISSIONED;Roxburgh;82179efd-04ab-404c-8ae5-17a5e78a443c;POINT (1312313.0001 4957441.0001)
123;132;RPO;ACSTN;COMMISSIONED;Rangipo;37d028a7-6c51-4def-9b68-7650e5686b1d;POINT (1845190.0001 5662389.0001)
124;133;RFN;ACSTN;COMMISSIONED;Reefton;c0482efc-fe97-46fc-91bc-19ff9a1b1cac;POINT (1504449.0001 5340412.0001)
125;134;SBK;ACSTN;COMMISSIONED;Southbrook;48cf2272-e3d2-43ee-8e4e-34d140625462;POINT (1567467.0001 5202755.0001)
126;135;SPN;ACSTN;COMMISSIONED;Springston;6ce42c67-33e3-4ee6-9510-6c8b3ef466b3;POINT (1555629.0001 5168207.0001)
127;136;STK;ACSTN;COMMISSIONED;Stoke;fc11f891-432c-4e9d-950a-184b43a4d12d;POINT (1620352.0001 5426224.0001)
128;137;SDN;ACSTN;COMMISSIONED;South Dunedin;eaebc9c6-5836-4ff2-bf1d-d3a51160beca;POINT (1406624.0001 4915071.0001)
129;138;SFD;ACSTN;COMMISSIONED;Stratford;61e14674-697c-4c43-8037-a4c2b23b87ed;POINT (1713803.0001 5645287.0001)
130;139;STU;ACSTN;COMMISSIONED;Studholme;5ecdf5f0-4484-409a-9a6f-c3e022343b66;POINT (1452515.0001 5045102.0001)
131;140;SVL;ACSTN;COMMISSIONED;Silverdale;bd97d2c4-be4a-49be-98ca-0cc5c1f8a709;POINT (1750524.0001 5945559.0001)
132;141;SWN;ACSTN;COMMISSIONED;Southdown;60fed6e9-53d5-425b-a263-b3c50ff32af8;POINT (1762789.0001 5911686.0001)
133;142;TAK;ACSTN;COMMISSIONED;Takanini;4fabfb4c-a414-4720-a125-52185bfd48cd;POINT (1771969.0001 5899052.0001)
134;143;TIM;ACSTN;COMMISSIONED;Timaru;bfc3c0cc-2f6a-4ebc-a55f-1c83865c4100;POINT (1459043.0001 5085216.0001)
135;144;TKA;ACSTN;COMMISSIONED;Tekapo A;b3102a18-9141-4329-90df-188348acddb9;POINT (1396466.0001 5123456.0001)
136;145;TKB;ACSTN;COMMISSIONED;Tekapo B;ca4d95a9-862b-4c67-ade9-e8a813c48f01;POINT (1376920.0001 5110450.0001)
137;146;TGA;ACSTN;COMMISSIONED;Tauranga;928325a6-f571-42c0-a5fe-0c58dd4aef88;POINT (1875930.0001 5819778.0001)
138;148;TKR;ACSTN;COMMISSIONED;Takapu Road;e0c1274b-0dc1-4699-b8f5-715273b9453f;POINT (1757034.0001 5442090.0001)
139;149;TKU;ACSTN;COMMISSIONED;Tokaanu;d08f4fab-5d50-416d-bd6b-7a8444d2a5bd;POINT (1839960.0001 5681601.0001)
140;150;TMH;ACSTN;COMMISSIONED;Three Mile Hill;0c30b10f-4fda-4341-a6bf-c3770eee41af;POINT (1400755.0001 4918686.0001)
141;151;TMI;ACSTN;COMMISSIONED;Te Matai;99646c29-5095-40c8-b7ef-7668a0ef0a7c;POINT (1893974.0001 5809246.0001)
142;152;TMK;ACSTN;COMMISSIONED;Temuka;893f357c-333b-489f-a49e-84cc7d0d9ea0;POINT (1463595.0001 5101870.0001)
143;153;TMN;ACSTN;COMMISSIONED;Taumarunui;7e47c721-2021-4a8c-ae60-d2388ad4b411;POINT (1801812.0001 5692949.0001)
144;154;TMU;ACSTN;COMMISSIONED;Te Awamutu;85452b40-90f3-4115-878a-6e41c789e6e5;POINT (1803713.0001 5791407.0001)
145;155;TNG;ACSTN;COMMISSIONED;Tangiwai;2a61afd2-3e42-4497-9e87-1457a214e259;POINT (1821309.0001 5628416.0001)
146;157;TRK;ACSTN;COMMISSIONED;Tarukenga;b1096193-4824-45c8-a932-4f7cb787b37d;POINT (1877163.0001 5781277.0001)
147;158;TUI;ACSTN;COMMISSIONED;Tuai;a11175ba-b0d4-4e66-a1a9-55322a859034;POINT (1960528.0001 5696630.0001)
148;159;TWC;ACSTN;COMMISSIONED;Tararua Wind Central;4837e446-6b46-475a-b835-d19b9f073aad;POINT (1835539.0001 5529285.0001)
149;160;TWH;ACSTN;COMMISSIONED;Te Kowhai;87cfdaf2-4c53-4a44-9efc-ed3bfae39195;POINT (1787090.0001 5822055.0001)
150;161;TWI;ACSTN;COMMISSIONED;Tiwai;d48ed891-c826-4429-bb3f-da9ea7daed31;POINT (1247070.0001 4830103.0001)
151;163;WAI;ACSTN;COMMISSIONED;Waiotahi;2b15afee-3b01-4385-a0b3-a0f6b2c1d217;POINT (1968014.0001 5783096.0001)
152;164;WDV;ACSTN;COMMISSIONED;Woodville;98254ef1-55ea-4cd5-a4d6-ed925ef4285d;POINT (1842686.0001 5533308.0001)
153;165;WEL;ACSTN;COMMISSIONED;Wellsford;295cc376-7575-4b77-9aee-7f939e6db8e3;POINT (1735913.0001 5983404.0001)
154;166;WES;ACSTN;COMMISSIONED;Western Road;82bc7382-e46f-4f74-8ec9-9dcf052ce969;POINT (1789666.0001 5840128.0001)
155;167;WGN;ACSTN;COMMISSIONED;Wanganui;47500fa1-3465-4452-8e45-60fd1eac2c6b;POINT (1781062.0001 5576956.0001)
156;168;WHI;ACSTN;COMMISSIONED;Whirinaki;d41aab64-08c9-4531-ba7c-6df0209bea18;POINT (1934795.0001 5633613.0001)
157;169;WHU;ACSTN;COMMISSIONED;Waihou;b8ef17ff-0bcf-4a15-adc5-1b8dc6458a29;POINT (1836968.0001 5838595.0001)
158;170;WIL;ACSTN;COMMISSIONED;Wilton;9c04a6cd-b051-42cd-8284-be1015b6f036;POINT (1747404.0001 5431048.0001)
159;171;WIR;ACSTN;COMMISSIONED;Wiri;130e97dd-c629-4265-93ad-0413191e589a;POINT (1767719.0001 5904819.0001)
160;172;WKM;ACSTN;COMMISSIONED;Whakamaru;debafb68-e4e7-47ab-aa9c-b54c6b92a5b6;POINT (1844482.0001 5743971.0001)
161;173;WKO;ACSTN;COMMISSIONED;Waikino;c501783d-3fea-4a3e-9863-9d28ec4ddce5;POINT (1845570.0001 5855375.0001)
162;174;TWZ;ACSTN;COMMISSIONED;Twizel;e050b529-8553-4b28-badc-b85135f9a915;POINT (1368615.0001 5093100.0001)
163;175;UHT;ACSTN;COMMISSIONED;Upper Hutt;983f80fe-c735-40fc-8678-f89ad4fca291;POINT (1775872.0001 5448080.0001)
164;176;WMG;ACSTN;COMMISSIONED;Waimangaroa;2fb70551-d554-4bf4-a642-9136cccc0a5a;POINT (1496604.0001 5380776.0001)
165;177;WPA;ACSTN;COMMISSIONED;Waipapa;7c83c56f-9bf9-4e11-ad24-8d34f6e3553f;POINT (1834679.0001 5758417.0001)
166;178;WPR;ACSTN;COMMISSIONED;Waipara;488702da-bdce-4816-a6d0-a0782c0289e3;POINT (1580144.0001 5233394.0001)
167;179;WPT;ACSTN;COMMISSIONED;Westport;99555346-ddf2-41d3-a167-445c827ef342;POINT (1476011.0001 5376679.0001)
168;180;WPW;ACSTN;COMMISSIONED;Waipawa;c3fc67b5-f62f-4742-90f7-9af77f2bb980;POINT (1894619.0001 5575573.0001)
169;181;WRA;ACSTN;COMMISSIONED;Wairoa;c52f144d-01cc-4dba-905f-f2395fd9cb43;POINT (1981648.0001 5674331.0001)
170;182;WRK;ACSTN;COMMISSIONED;Wairakei;925cca72-c660-4694-87cf-5fda2d14b6d3;POINT (1870315.0001 5720165.0001)
171;183;WTK;ACSTN;COMMISSIONED;Waitaki;b4b744c5-e55e-4407-8270-05d4b8822984;POINT (1396274.0001 5048061.0001)
172;184;WTU;ACSTN;COMMISSIONED;Whakatu;b69380df-3d42-4e86-93b0-1f1ed3548dea;POINT (1933253.0001 5608737.0001)
173;185;WVY;ACSTN;COMMISSIONED;Waverley;4d37b240-7ec2-4009-8309-a4adea642c08;POINT (1740108.0001 5598255.0001)
174;186;WWD;ACSTN;COMMISSIONED;West Wind;1f2e2414-421f-4e22-80d7-f718c3c9733f;POINT (1740630.0001 5429932.0001)
175;187;WRD;ACSTN;COMMISSIONED;Wairau Road;db4fe82e-efc3-4860-9472-4fa641ad6a64;POINT (1755880.0001 5928071.0001)
176;188;WHN;ACSTN;COMMISSIONED;Whakamaru North;68daafce-29d7-4ab3-b31d-fb9c28a7b634;POINT (1843876.2201 5744662.0401)
177;189;KBY;ACSTN;COMMISSIONED;Kimberley;9309d932-86d5-4750-986b-8d26fd2e507f;POINT (1525956.4901 5188223.8601)
178;190;THI;ACSTN;COMMISSIONED;Te Mihi;95e3e965-2cd7-4393-910d-3eaffbb5505a;POINT (1865365.1553 5721247.3407)
179;191;OTC;ACSTN;COMMISSIONED;Otahuhu Combined Cycle Power Station;08fc2938-685b-4990-b188-afedf46be4bc;POINT (1765931.4255 5909052.6903)
180;192;THW;HVDC;COMMISSIONED;Te Hikowhenua Electrode;af887942-f064-4511-ac68-1cad8d6c3f55;POINT (1744184.0001 5436746.0001)
181;193;OTB;HVDC;COMMISSIONED;Oteranga Bay;b4b88e6d-a697-42ba-8026-8d1e4b9b5626;POINT (1736479.0001 5427289.0001)
182;195;HAY-DC;HVDC;COMMISSIONED;Haywards DC;1f53ad9c-55fe-4c2c-83ec-3938112959ee;POINT (1766284.0001 5442555.0001)
183;196;FTB;HVDC;COMMISSIONED;Fighting Bay;4a493ca1-ee18-402d-bd28-abc1f7e309ab;POINT (1700617.0001 5426168.0001)
184;197;BGR;HVDC;COMMISSIONED;Bog Roy Electrode;ac928d2d-b9e7-44e9-a75d-bbf81b191959;POINT (1369653.4414 5060307.3416)
185;200;BEN-DC;HVDC;COMMISSIONED;Benmore DC;e3747727-064d-49e7-852b-74e98898e7e4;POINT (1376975.0001 5061566.0001)
186;275;MKE;OTHER;COMMISSIONED;McKee;163e8e1f-e4ab-4cf9-abc2-78b0fdcf4ea1;POINT (1715540.7915 5671537.9827)
187;276;WRT;TEE;COMMISSIONED;Wiri Tee;814af24f-a2b1-4330-898e-1cd08bd4f7d0;POINT (1767832.0001 5904856.0001)
188;277;WTT;TEE;COMMISSIONED;Waipara Tee;0dfac6de-7ada-4414-beaf-5733bb1d35fe;POINT (1580001.0001 5233551.0001)
189;278;TWT;TEE;COMMISSIONED;Tararua Wind Central Tee;39d105e0-99b4-438c-bdbe-5e097f48494d;POINT (1830057.0001 5529212.0001)
190;279;TMR;TEE;COMMISSIONED;Two Mile River Tee;560539fa-a1f7-4a08-b7d5-dd1df3188980;POINT (1438251.0001 5270702.0001)
191;280;RFC;TEE;COMMISSIONED;Reefton Tee;312a460c-f884-4415-83c6-34c8ede55582;POINT (1504449.0001 5340455.0001)
192;282;RTO;TEE;COMMISSIONED;Rangitoto Hills Tee;36e28ab9-7b75-4e7f-8893-b7fdfd52c3bd;POINT (1801555.0001 5755843.0001)
193;283;RTR;TEE;COMMISSIONED;Retaruke Tee;9beab147-42dd-4a95-833d-aa6e0c761fc8;POINT (1797490.0001 5661076.0001)
194;284;TAT;TEE;COMMISSIONED;Takanini Tee;1142b71d-ebdc-4858-baba-0aaba3387260;POINT (1771851.0001 5899087.0001)
195;285;PNT;TEE;COMMISSIONED;Pauatahanui Tee;27b1685e-3d64-4b0b-a9e2-409e089e49a6;POINT (1761122.0001 5447254.0001)
196;286;PIE;TEE;COMMISSIONED;Poike Tee;43679108-601c-43c2-86fa-6495144a6069;POINT (1877814.0001 5818875.0001)
197;287;ORO;TEE;COMMISSIONED;Orowaiti Tee;426b094a-832d-4c94-9081-6ffb1f4d1d3a;POINT (1484411.8917 5374833.28)
198;288;OPI;TEE;COMMISSIONED;Opihi Tee;23bb6b08-cdaf-4b5d-8842-cf87fe6d06a5;POINT (1441402.0001 5104690.0001)
199;289;KBT;TEE;COMMISSIONED;Kimberley Tee;ce09fcf9-6f1c-43eb-a0eb-f671d0e799d9;POINT (1525843.0001 5187123.0001)
200;290;JFD;TEE;COMMISSIONED;Judgeford;44a9f06b-4ad4-4b18-9521-6a76ddad21ea;POINT (1763237.0001 5447072.0001)
201;291;LFT;TEE;COMMISSIONED;Lichfield Tee;b08a260c-5f28-4980-9f75-fb9ee746fa9a;POINT (1847518.0001 5775563.0001)
202;292;KHA;TEE;COMMISSIONED;Kawhaka Tee;cf552b59-82e8-42a5-b4c1-52bf8bca6aac;POINT (1450073.0001 5267739.0001)
203;293;KPA;TEE;COMMISSIONED;Kaponga Tee;98142921-ef89-47c0-956e-d27330fffdde;POINT (1699712.0001 5639386.0001)
204;295;MVE;TEE;COMMISSIONED;Morrinsville Tee;821a7285-e5de-4d72-bf99-ae0740401851;POINT (1827496.0001 5829363.0001)
205;296;MKT;TEE;COMMISSIONED;McKee Tee;1ab24bca-551e-4340-b298-00cc6b64b014;POINT (1711710.0001 5678043.0001)
206;297;MHT;TEE;COMMISSIONED;Makara Heights Tee;0a8b1f8a-f6c2-45cd-8c5f-f1d2ab4f50bb;POINT (1742736.0001 5428045.0001)
207;298;GOT;TEE;COMMISSIONED;Gore Tee;0df0e483-82da-4d12-b384-3bcb4cd68a82;POINT (1284304.0001 4883000.0001)
208;299;GNY;TEE;COMMISSIONED;Glenavy;def560f2-30ed-47ec-a3b4-dfb8c3a2d55e;POINT (1450631.0001 5023912.0001)
209;300;CUT;TEE;COMMISSIONED;Culverden Tee;4f9adfa9-fa1c-4f43-98be-46b84bfd669e;POINT (1590028.0001 5270269.0001)
210;301;CHH;TEE;COMMISSIONED;Christchurch Tee;6c60846a-476d-4235-a3a6-6640d5fb229d;POINT (1561600.0001 5173630.0001)
211;302;BPC;TEE;COMMISSIONED;Black Point Tee;f9d511b6-d977-425a-93fb-65b5e882283d;POINT (1425912.0001 5029886.0001)
212;303;BKD;TEE;COMMISSIONED;Brackendale;f1de49c9-b90e-4c3c-9d42-6e54b9145e9d;POINT (1504165.0001 5176927.0001)
213;304;BDT;TEE;COMMISSIONED;Bells Pond Tee;e4659239-0df0-4e74-a546-3822f929f922;POINT (1438546.0001 5027023.0001)
214;705;PRT;TEE;COMMISSIONED;Paraparaumu Tee;f079ba75-e255-46af-8e0e-b1f97781557a;POINT (1770083.555 5468017.3782)
215;706;JRT;TEE;COMMISSIONED;Junction Road Tee;d999782b-3a0f-4546-b4ae-1658800561af;POINT (1695737.4588 5669795.0898)
216;707;JRD;ACSTN;COMMISSIONED;Junction Road;f0f6d23b-c988-423b-bfb9-62b80abfbb19;POINT (1695407.2581 5669688.5287)
