X,Y,OBJECTID,MXLOCATION,type,status,description,GlobalID
1750929.0001,5932699.0001,1,ALB,ACSTN,COMMISSIONED,Albany,86f5a8be-24af-4de8-832b-c20f8c4a6bdb
1483256.0001,5243850.0001,2,APS,ACSTN,COMMISSIONED,Arthurs Pass,a3500dd4-eaa8-461d-87a9-755b0fbee336
1873657.0001,5721161.0001,3,ARA,ACSTN,COMMISSIONED,Aratiatia,f8a17c42-1770-40eb-865a-e67bbe35b3a3
1616837.0001,5386748.0001,4,ARG,ACSTN,COMMISSIONED,Argyle,92dc8e3a-1d5f-4adc-ae89-e946de9374de
1831847.0001,5782925.0001,5,ARI,ACSTN,COMMISSIONED,Arapuni,cc3c064f-3260-4ea5-bf56-8a0e68c28178
1503871.0001,5133909.0001,6,ASB,ACSTN,COMMISSIONED,Ashburton,68aa813f-b5c9-4482-bc3c-931f1a089c51
1569375.0001,5209968.0001,7,ASY,ACSTN,COMMISSIONED,Ashley,eeb52655-a57b-4243-93e9-0a6eb328957b
1863993.0001,5746266.0001,8,ATI,ACSTN,COMMISSIONED,Atiamuri,0feb3df2-8b8c-4c15-b65e-1e1ffa85a719
1424397.0001,5097843.0001,9,ABY,ACSTN,COMMISSIONED,Albury,7e6f1ffb-3de9-4343-a618-c42243915699
1567884.0001,5179259.0001,10,ADD,ACSTN,COMMISSIONED,Addington,01ec318c-07ea-448f-a913-489e87496c8b
1479770.0001,5314014.0001,11,ATU,ACSTN,COMMISSIONED,Atarau,a7eb273a-5197-41a1-ad30-ab60798317be
1390245.0001,5051586.0001,12,AVI,ACSTN,COMMISSIONED,Aviemore,12791a9d-0284-483d-8389-361148ef26db
1350994.0001,4875583.0001,13,BAL,ACSTN,COMMISSIONED,Balclutha,ff9fb2fa-5a84-430e-8ae0-9f4a4990092a
1279333.0001,4872602.0001,14,BDE,ACSTN,COMMISSIONED,Brydone,5061d3bb-1b9d-41de-8130-ded1e322834d
1377232.0001,5061385.0001,15,BEN,ACSTN,COMMISSIONED,Benmore AC,fa79a89c-58fa-47c0-bd36-193302e12db8
1677835.0001,5405479.0001,16,BLN,ACSTN,COMMISSIONED,Blenheim,27404fe7-e909-498b-8eee-1f7c1c54b605
1777554.0001,5882318.0001,17,BOB,ACSTN,COMMISSIONED,Bombay,06d66cab-06ea-4752-abc5-e785ad820c35
1774444.9101,5906262.7201,18,BHL,ACSTN,COMMISSIONED,Brownhill Road,1c3ed6d1-e5f6-4923-924e-0d1aca9cc9ea
1438716.0001,5027527.0001,19,BPD,ACSTN,COMMISSIONED,Bells Pond,546f21a6-8c34-4476-b08a-43cd42a9c904
1824482.0001,5537672.0001,20,BPE,ACSTN,COMMISSIONED,Bunnythorpe,272bd3fb-4fc4-4f2f-928d-61a64fd2ab0b
1426227.0301,5027118.8901,21,BPT,ACSTN,COMMISSIONED,Black Point,ba86695b-0225-4231-93bc-726f778703de
1733637.0001,6031785.0001,22,BRB,ACSTN,COMMISSIONED,Bream Bay,17f9742f-b2f4-47fc-a00f-cd7aba883341
1775381.0001,5584691.0001,23,BRK,ACSTN,COMMISSIONED,Brunswick,241b6832-0c82-462f-8c99-b89a40592b14
1575608.0001,5180029.0001,24,BRY,ACSTN,COMMISSIONED,Bromley,912dfcff-f54f-4c70-b791-a477e04db0cb
1375380.0001,4908481.0001,25,BWK,ACSTN,COMMISSIONED,Berwick,772b7090-bc44-4dd3-8690-72240255ce5f
1818482.0001,5805622.0001,26,CBG,ACSTN,COMMISSIONED,Cambridge,ab458649-f969-4bd5-a98b-2c4664715103
1496824.0001,5214719.0001,27,CLH,ACSTN,COMMISSIONED,Castle Hill,6fae53af-1ff7-4da6-8a3c-8f5a1b880b23
1300103.0001,5003434.0001,28,CML,ACSTN,COMMISSIONED,Cromwell,393a834c-f7d6-4f0b-afd7-af8ebde11a12
1480646.0001,5197734.0001,30,COL,ACSTN,COMMISSIONED,Coleridge,bcac8e6d-ddde-482d-bd38-aaaa2c698926
1748149.0001,5426363.0001,31,CPK,ACSTN,COMMISSIONED,Central Park,5490e2a2-b66d-406e-9d77-cfe0456d873a
1694035.0001,5673654.0001,32,CST,ACSTN,COMMISSIONED,Carrington Street,bd4ac2cf-9c18-494e-8cfd-c970275b9f9f
1589859.0001,5270393.0001,33,CUL,ACSTN,COMMISSIONED,Culverden,9adcaeb1-8f95-4c20-961e-abde100d593e
1309791.0001,4990371.0001,34,CYD,ACSTN,COMMISSIONED,Clyde,40567b27-50bd-400c-a995-cee209607fa3
1460288.0001,5298504.0001,35,DOB,ACSTN,COMMISSIONED,Dobson,d2fcf366-6aac-4182-a5af-6b4c336ad1ec
1774160.0001,5889442.0001,36,DRY,ACSTN,COMMISSIONED,Drury,e4362537-0b01-4bb5-a30b-101074dc0f7f
1858006.0001,5546736.0001,37,DVK,ACSTN,COMMISSIONED,Dannevirke,e0e29fdc-4e9a-4e69-8c89-f4f8e151cacd
1936284.0001,5788677.0001,38,EDG,ACSTN,COMMISSIONED,Edgecumbe,8c1b48c6-e8e0-4048-a427-47fcdddd1455
1274964.0001,4862682.0001,39,EDN,ACSTN,COMMISSIONED,Edendale,82357063-5f96-42be-92d5-0c28d7cd3a22
1923083.0001,5609948.0001,40,FHL,ACSTN,COMMISSIONED,Fernhill,0a3cf166-313d-46cf-8fcb-28af04864cb1
1264313.0001,5007062.0001,41,FKN,ACSTN,COMMISSIONED,Frankton,b55a9b99-27e7-428a-bd39-6f393fb1fe39
1760647.0001,5432797.0001,42,GFD,ACSTN,COMMISSIONED,Gracefield,cfe09e4d-5df4-4ebe-b230-fa884c0ac920
1753635.0001,5881167.0001,44,GLN,ACSTN,COMMISSIONED,Glenbrook,71f1bfb3-793f-4156-97c8-a3460ce156df
1453179.0001,5298172.0001,45,GYM,ACSTN,COMMISSIONED,Greymouth,bdce160c-f86c-431f-b4e7-ca689cdccfcb
1804621.0001,5445253.0001,46,GYT,ACSTN,COMMISSIONED,Greytown,fb16bc07-a93c-4d12-beb2-ea35dee8abc0
1802987.0001,5816159.0001,47,HAM,ACSTN,COMMISSIONED,Hamilton,c4ba0b13-ef1d-419b-ab74-b8ee267e1bc6
1766258.0001,5442603.0001,48,HAY,ACSTN,COMMISSIONED,Haywards AC,c923f2dc-d2d3-4be8-9a2b-0a44ba17f697
1744226.0001,5921548.0001,49,HEN,ACSTN,COMMISSIONED,Henderson,ad6c62ca-c407-498f-a86c-3f767c7f228d
1747934.0001,5916486.0001,50,HEP,ACSTN,COMMISSIONED,Hepburn Road,20639efb-48f8-47d5-b0db-251542979c39
1843078.0001,5799495.0001,51,HIN,ACSTN,COMMISSIONED,Hinuera,2d590846-f414-491e-b5bc-0289d0312d18
1284097.0001,4885035.0001,52,GOR,ACSTN,COMMISSIONED,Gore,d80e61dc-af54-4127-92e2-421ca9ffc046
1434864.0001,5267776.0001,53,HKK,ACSTN,COMMISSIONED,Hokitika (Westpower),db6f2e26-440a-4c75-9f8f-82a2b934fd4f
1790106.0001,5842852.0001,54,HLY,ACSTN,COMMISSIONED,Huntly,8f5ba0f2-3465-4a31-bad3-9bc84cf3d075
1757117.0001,5920840.0001,55,HOB,ACSTN,COMMISSIONED,Hobson Street,40ec5d26-25c7-4e78-ae7e-efd9a3d77e2e
1517688.0001,5178084.0001,56,HOR,ACSTN,COMMISSIONED,Hororata,e2487f66-04be-4810-8957-f388fc321603
1737565.0001,5930600.0001,57,HPI,ACSTN,COMMISSIONED,Huapai,cd52beb8-bdba-401c-b0d8-62d0a1a2bb0e
1790574.0001,5764029.0001,58,HTI,ACSTN,COMMISSIONED,Hangatiki,494a28a3-4674-4d20-a128-a46346520169
1707053.0001,5677676.0001,59,HUI,ACSTN,COMMISSIONED,Huirangi,64d4a360-6457-49c0-aaee-e919b33a9838
1712536.0001,5619536.0001,60,HWA,ACSTN,COMMISSIONED,Hawera,dad07c38-b0a7-48d9-a4ff-2fbc4975a0a9
1404021.0001,4918942.0001,61,HWB,ACSTN,COMMISSIONED,Halfway Bush,ee29a21f-9763-499f-a281-90b9dba75688
1513140.0001,5365652.0001,62,IGH,ACSTN,COMMISSIONED,Inangahua,fd8c8e05-d9a4-4eed-bc9c-51713c06416e
1245783.0001,4851991.0001,63,INV,ACSTN,COMMISSIONED,Invercargill,452574b7-6d58-4830-b641-945510ba8260
1560548.0001,5179498.0001,64,ISL,ACSTN,COMMISSIONED,Islington,22f529de-6151-4f09-a120-454b1c24d53f
1570680.0001,5196745.0001,65,KAI,ACSTN,COMMISSIONED,Kaiapoi,8e78afce-cbdd-4df9-9dd4-e0264e0e066a
1926573.0001,5779107.0001,66,KAW,ACSTN,COMMISSIONED,Kawerau,313142b0-8d2d-45a7-99aa-cc7d45c60abc
1589504.0001,5386476.0001,67,KIK,ACSTN,COMMISSIONED,Kikiwa,4740874e-38cd-4f7c-a60e-be3950188b81
1852212.0001,5760024.0001,68,KIN,ACSTN,COMMISSIONED,Kinleith,4659dc55-5966-42e2-9dd4-f7b5af767a50
1823029.0001,5799542.0001,69,KPO,ACSTN,COMMISSIONED,Karapiro,4469af4c-2332-4b52-9c97-a05fa963a1ac
1830938.0001,5880678.0001,70,KPU,ACSTN,COMMISSIONED,Kopu,5467632b-cfa2-444e-ba55-2e0b3f4820d8
1452052.0001,5278084.0001,72,KUM,ACSTN,COMMISSIONED,Kumara,14420f0d-6924-4681-afdc-4a59a52abb7c
1750000.0001,5430943.0001,73,KWA,ACSTN,COMMISSIONED,Kaiwharawhara,920f8b90-43f6-4e49-a819-d51a4e60e45f
1847524.0001,5775603.0001,74,LFD,ACSTN,COMMISSIONED,Lichfield,11619149-df1b-43c7-acef-cacc762acbb5
1879255.0001,5818364.0001,76,KMO,ACSTN,COMMISSIONED,Kaitimako,c9203430-92fb-4d3e-bf31-ed6cb1151f45
1673612.0001,6082717.0001,77,KOE,ACSTN,COMMISSIONED,Kaikohe,fa9c66cf-7dda-40fa-b600-7d322c69ed3b
1413503.0001,5021769.0001,78,LIV,ACSTN,COMMISSIONED,Livingstone,d452a179-5e3c-40b8-8209-ade0311bb096
1823280.0001,5523362.0001,79,LTN,ACSTN,COMMISSIONED,Linton,29a05bc3-95cf-43a9-a52e-e8f1040369cb
1153139.0001,4943246.0001,80,MAN,ACSTN,COMMISSIONED,Manapouri,37464b5a-496d-4554-affe-e475cbb177ea
1934456.0001,5774722.0001,81,MAT,ACSTN,COMMISSIONED,Matahina,ab74ca0a-f097-4ddb-85cb-3854eb23c50c
1544903.0001,5373459.0001,82,MCH,ACSTN,COMMISSIONED,Murchison,329a5226-054c-414d-b565-f5d09e507f8e
1732421.0001,6028845.0001,83,MDN,ACSTN,COMMISSIONED,Marsden,c4b4e963-5a61-4b1e-a82d-13017ca4184e
1783300.0001,5868174.0001,84,MER,ACSTN,COMMISSIONED,Meremere,32cedfbf-142b-47cf-9b19-fa31f83cc612
1833130.0001,5511184.0001,85,MGM,ACSTN,COMMISSIONED,Mangamaire,fab533fc-8780-469b-83a9-291325545039
1807282.0001,5505363.0001,86,MHO,ACSTN,COMMISSIONED,Mangahao,0d4998cd-4c77-4162-bca2-d42ab6e54ab2
1760654.0001,5437236.0001,87,MLG,ACSTN,COMMISSIONED,Melling,23da9d40-16cf-45b6-92f8-35ab0d6c181a
1762702.0001,5907696.0001,88,MNG,ACSTN,COMMISSIONED,Mangere,c56795cc-5b30-4bd1-a3fc-730f1daed4b8
1711561.0001,5683109.0001,89,MNI,ACSTN,COMMISSIONED,Motunui,6db893f4-9e1f-4e63-b180-09a53b539a4f
1709127.0001,6041290.0001,91,MPE,ACSTN,COMMISSIONED,Maungatapere,9fb0503b-d20c-4f07-8e50-a7f27eda319b
1839768.0001,5751500.0001,93,MTI,ACSTN,COMMISSIONED,Maraetai,fc7c04b4-a6a2-4c84-98e4-16dbadc06b61
1883459.0001,5825059.0001,94,MTM,ACSTN,COMMISSIONED,Mt Maunganui,deb5bce3-b16e-4ba7-b6da-b10d4c85dbed
1801201.0001,5558141.0001,95,MTN,ACSTN,COMMISSIONED,Marton,5caff896-d9c6-43e8-a6d5-8e9ec74c9efa
1722370.0001,6005583.0001,96,MTO,ACSTN,COMMISSIONED,Maungaturoto,f0af0177-1669-425f-b98d-26c95a286c7b
1831802.0001,5606722.0001,97,MTR,ACSTN,COMMISSIONED,Mataroa,b4fd912b-3ade-4c60-aa90-b2b06216e7ea
1819725.0001,5460470.0001,98,MST,ACSTN,COMMISSIONED,Masterton,575ec08a-bcfa-4484-b8a9-0fc94d084288
1877217.0001,5721300.0001,99,NAP,ACSTN,COMMISSIONED,Nga Awa Purua,c734ab38-ae6c-43f1-8754-6b00802e2648
1242674.0001,4861597.0001,100,NMA,ACSTN,COMMISSIONED,North Makarewa,172fbfc8-ce89-426c-a4b9-3fb58c516fee
1807260.0001,5662951.0001,101,NPK,ACSTN,COMMISSIONED,National Park,c595bc14-ce50-42fe-816b-50f873d52d89
1688836.0001,5676251.0001,102,NPL,ACSTN,COMMISSIONED,New Plymouth,eb73eb8d-8646-4c15-a36b-8b7d36fca4ef
1371044.0001,5009246.0001,103,NSY,ACSTN,COMMISSIONED,Naseby,2a854451-2755-4508-a29a-b09042e79b10
1436054.0001,5007238.0001,104,OAM,ACSTN,COMMISSIONED,Oamaru,bb6a42fd-b927-4e02-a411-b6dc414ccece
1362893.0001,5094306.0001,105,OHA,ACSTN,COMMISSIONED,Ohau A,a6baa64f-9e47-436b-8351-00a1ce95e732
1369523.0001,5090583.0001,106,OHB,ACSTN,COMMISSIONED,Ohau B,9f07917a-c71e-417e-b8a5-5c73107ce551
1375191.0001,5086131.0001,107,OHC,ACSTN,COMMISSIONED,Ohau C,92a5f29d-2006-4a0f-baf3-60f740bb2c85
1869460.0001,5744407.0001,108,OHK,ACSTN,COMMISSIONED,Ohakuri,a4fbef3d-fe8a-4972-8fd0-f1c9ac6a0527
1803061.8834,5849623.942,109,OHW,ACSTN,COMMISSIONED,Ohinewai,8d76da40-e4e2-4ae9-827d-4ff91168ad94
1893222.0001,5785558.0001,110,OKE,ACSTN,COMMISSIONED,Okere,c6700f33-e6e4-448b-8bfd-bcee497212b8
1887000.0001,5730455.0001,111,OKI,ACSTN,COMMISSIONED,Ohaaki,70ef8529-d674-4278-99c5-048724961825
1803835.0001,5633184.0001,112,OKN,ACSTN,COMMISSIONED,Ohakune,b79f5699-6466-429e-bda3-7f8d56904a01
1789617.0001,5709183.0001,113,ONG,ACSTN,COMMISSIONED,Ongarue,4cc34bcb-20ad-4bd4-ad87-7bc6c5b5b7af
1679853.0001,5639246.0001,114,OPK,ACSTN,COMMISSIONED,Opunake,ec8233a3-815e-492a-930e-6aa757ad8de6
1765841.0001,5908477.0001,115,OTA,ACSTN,COMMISSIONED,Otahuhu,929a843f-abd1-4d38-9d2e-0e4c8c4b347b
1766060.7233,5908947.0691,116,OTG,ACSTN,COMMISSIONED,Otahuhu Power Station,2958289e-c8bf-415b-a56b-da1dd06c46f2
1482697.0001,5256873.0001,117,OTI,ACSTN,COMMISSIONED,Otira,9575d6a2-af16-47e2-b03c-5424bb9ae8dc
1891300.0001,5774545.0001,118,OWH,ACSTN,COMMISSIONED,Owhata,09b5c61d-b95d-4a0f-9466-5ccb41f726ce
1769820.0001,5911645.0001,119,PAK,ACSTN,COMMISSIONED,Pakuranga,80ef4666-5441-4f6b-b600-b9bdafc282b4
1825912.0001,5829853.0001,121,PAO,ACSTN,COMMISSIONED,Piako,15adb99a-4c7d-4222-9306-458c933673f0
1761868.0001,5914165.0001,123,PEN,ACSTN,COMMISSIONED,Penrose,26fd7879-7759-4c4c-8054-a43c49b1626c
1761116.0001,5447292.0001,124,PNI,ACSTN,COMMISSIONED,Pauatahanui,167ab9c0-c7f7-47d7-a45e-10e115c8425c
1769434.0001,5467577.0001,125,PRM,ACSTN,COMMISSIONED,Paraparaumu,138c1063-f9c9-459f-b1da-b908e31b7365
1864742.0001,5719912.0001,126,PPI,ACSTN,COMMISSIONED,Poihipi,e7ccf85b-7df2-44b4-a64a-41874a72e15f
1928423.0001,5615041.0001,127,RDF,ACSTN,COMMISSIONED,Redclyffe,ddc9c5b5-ea05-4de7-8a35-20e995706550
1484560.0001,5375367.0001,128,ROB,ACSTN,COMMISSIONED,Robertson Street,c3ff5156-10de-487e-9210-3995cf0278db
1753729.0001,5913294.0001,129,ROS,ACSTN,COMMISSIONED,Mount Roskill,525d91d6-09b6-4ae2-a381-45f1c35270d1
1882791.0001,5772812.0001,130,ROT,ACSTN,COMMISSIONED,Rotorua,1283de60-f99b-4062-bb22-b04d3ce19cc4
1312313.0001,4957441.0001,131,ROX,ACSTN,COMMISSIONED,Roxburgh,1a04e567-5972-49b8-8210-f30dde5ae59f
1845190.0001,5662389.0001,132,RPO,ACSTN,COMMISSIONED,Rangipo,fefc683b-0c13-4dc4-8c2d-40ae96995f90
1504449.0001,5340412.0001,133,RFN,ACSTN,COMMISSIONED,Reefton,6e31b705-cbb2-4ff0-8a38-455e8b67e9e5
1567467.0001,5202755.0001,134,SBK,ACSTN,COMMISSIONED,Southbrook,89356a6e-90a5-4e25-a742-39616cda020c
1555629.0001,5168207.0001,135,SPN,ACSTN,COMMISSIONED,Springston,5d7e99f5-10a6-4283-abb9-3a585dd3112c
1620352.0001,5426224.0001,136,STK,ACSTN,COMMISSIONED,Stoke,1a162dc1-8abe-43fa-bd6e-11648a42c3cb
1406624.0001,4915071.0001,137,SDN,ACSTN,COMMISSIONED,South Dunedin,ee75611e-ac8d-43bd-9ec0-dc853eb3909c
1713803.0001,5645287.0001,138,SFD,ACSTN,COMMISSIONED,Stratford,5fa8c13a-747b-4ae9-b528-75a121300383
1452515.0001,5045102.0001,139,STU,ACSTN,COMMISSIONED,Studholme,2fecb67a-6f6c-4362-b447-a8a80348bdf3
1750524.0001,5945559.0001,140,SVL,ACSTN,COMMISSIONED,Silverdale,75ed85a9-a837-4f5c-adf5-f12366df85a8
1762789.0001,5911686.0001,141,SWN,ACSTN,COMMISSIONED,Southdown,a1926d2f-49f2-4e1f-9ceb-e3d88c7d5230
1771969.0001,5899052.0001,142,TAK,ACSTN,COMMISSIONED,Takanini,4736b263-2bb3-4945-a9bd-6485b40bdf27
1459043.0001,5085216.0001,143,TIM,ACSTN,COMMISSIONED,Timaru,9c175432-1e98-4bef-87f0-2e5c2c808ea5
1396466.0001,5123456.0001,144,TKA,ACSTN,COMMISSIONED,Tekapo A,2a79d472-491f-4f39-8ca9-058aa8134c20
1376920.0001,5110450.0001,145,TKB,ACSTN,COMMISSIONED,Tekapo B,76aa3f3b-ed92-4d58-9c7f-5491ee91df7d
1875930.0001,5819778.0001,146,TGA,ACSTN,COMMISSIONED,Tauranga,5d2d9a37-cc2e-4512-90c4-173f9914241c
1757034.0001,5442090.0001,148,TKR,ACSTN,COMMISSIONED,Takapu Road,2fe84d14-99c5-418e-af5d-bcf0941fee93
1839960.0001,5681601.0001,149,TKU,ACSTN,COMMISSIONED,Tokaanu,dbfc2ac2-0815-4b1d-8775-b11e1d6f750e
1400755.0001,4918686.0001,150,TMH,ACSTN,COMMISSIONED,Three Mile Hill,57306ca5-7cd5-43ee-b474-b45ac5feda04
1893974.0001,5809246.0001,151,TMI,ACSTN,COMMISSIONED,Te Matai,74f3206f-3021-468e-a463-e4451be41b27
1463595.0001,5101870.0001,152,TMK,ACSTN,COMMISSIONED,Temuka,58e8bcef-4de5-45db-bed8-568a1712061a
1801812.0001,5692949.0001,153,TMN,ACSTN,COMMISSIONED,Taumarunui,e6cd6760-ff16-4088-85e9-feb529f2e84f
1803713.0001,5791407.0001,154,TMU,ACSTN,COMMISSIONED,Te Awamutu,64c324bb-4e02-40d3-be2e-3982fb8838ef
1821309.0001,5628416.0001,155,TNG,ACSTN,COMMISSIONED,Tangiwai,f5ba64ad-f58b-44cb-b514-e1285abeb6e0
1877163.0001,5781277.0001,157,TRK,ACSTN,COMMISSIONED,Tarukenga,32fcb6ab-550c-4708-867c-13ab1bb99f41
1960528.0001,5696630.0001,158,TUI,ACSTN,COMMISSIONED,Tuai,22d5f702-748d-4056-9337-e01ac3dfd289
1835539.0001,5529285.0001,159,TWC,ACSTN,COMMISSIONED,Tararua Wind Central,a818ad63-b232-45de-8456-64e8b7b41f9b
1787090.0001,5822055.0001,160,TWH,ACSTN,COMMISSIONED,Te Kowhai,48ff4b98-553d-41e0-9f24-f9ee5a2273e9
1247070.0001,4830103.0001,161,TWI,ACSTN,COMMISSIONED,Tiwai,de2efdf0-086e-499e-8e2f-b41f3dd2b6b4
1968014.0001,5783096.0001,163,WAI,ACSTN,COMMISSIONED,Waiotahi,b033354f-24d4-40c1-a187-6fe4b086a36e
1842686.0001,5533308.0001,164,WDV,ACSTN,COMMISSIONED,Woodville,c2e38ebb-89b7-48cb-a750-5c91669fabe0
1735913.0001,5983404.0001,165,WEL,ACSTN,COMMISSIONED,Wellsford,84945f74-b373-49ab-bedc-0ed83dec15cc
1789666.0001,5840128.0001,166,WES,ACSTN,COMMISSIONED,Western Road,60196013-cc99-40d4-bea9-5eefaab5fba7
1781062.0001,5576956.0001,167,WGN,ACSTN,COMMISSIONED,Wanganui,0ea649e7-4b31-40da-9ea4-953fc2fcdb8b
1934795.0001,5633613.0001,168,WHI,ACSTN,COMMISSIONED,Whirinaki,da432ec4-06fb-4f50-88be-0b8cc1fb0787
1836968.0001,5838595.0001,169,WHU,ACSTN,COMMISSIONED,Waihou,88237687-a2a4-4fe6-b5e7-2e52ae0d52c6
1747404.0001,5431048.0001,170,WIL,ACSTN,COMMISSIONED,Wilton,33ef9369-8fe7-4ea2-be2d-fb9bd061256f
1767719.0001,5904819.0001,171,WIR,ACSTN,COMMISSIONED,Wiri,c136b49a-e897-4b8a-9e65-288677a220c1
1844482.0001,5743971.0001,172,WKM,ACSTN,COMMISSIONED,Whakamaru,a8ec1239-88e8-4adf-bd54-3791ffbc7528
1845570.0001,5855375.0001,173,WKO,ACSTN,COMMISSIONED,Waikino,252f5d1f-d9ab-46fc-9858-b0a2864da529
1368615.0001,5093100.0001,174,TWZ,ACSTN,COMMISSIONED,Twizel,0215fc88-d410-492a-b3ea-38bfd4a378cb
1775872.0001,5448080.0001,175,UHT,ACSTN,COMMISSIONED,Upper Hutt,dd0f334d-2fde-4d83-8327-5df51876c82a
1496604.0001,5380776.0001,176,WMG,ACSTN,COMMISSIONED,Waimangaroa,35fab62f-5387-49ac-9194-18956f654829
1834679.0001,5758417.0001,177,WPA,ACSTN,COMMISSIONED,Waipapa,fdce1857-c3f6-4757-b1aa-48deeb5f0f92
1580144.0001,5233394.0001,178,WPR,ACSTN,COMMISSIONED,Waipara,287010d6-daa0-45ee-b34e-c2110a44b7fa
1476011.0001,5376679.0001,179,WPT,ACSTN,COMMISSIONED,Westport,806477ec-fcc8-4a03-b86d-8de6a75b1fdf
1894619.0001,5575573.0001,180,WPW,ACSTN,COMMISSIONED,Waipawa,e0012174-e807-4d7c-8837-7debbdfd5a72
1981648.0001,5674331.0001,181,WRA,ACSTN,COMMISSIONED,Wairoa,9a05a026-5a7c-4482-ae9c-0a06c0cb2b23
1870315.0001,5720165.0001,182,WRK,ACSTN,COMMISSIONED,Wairakei,204d5359-88fb-4795-948d-997065e6dc48
1396274.0001,5048061.0001,183,WTK,ACSTN,COMMISSIONED,Waitaki,a48d8e75-88f7-4d93-903b-a6daf88e6557
1933253.0001,5608737.0001,184,WTU,ACSTN,COMMISSIONED,Whakatu,2b42b546-44ba-44d7-94fb-349461dbcfa1
1740108.0001,5598255.0001,185,WVY,ACSTN,COMMISSIONED,Waverley,69a96b62-9c90-4b83-976b-b4e7b4a7e7e2
1740630.0001,5429932.0001,186,WWD,ACSTN,COMMISSIONED,West Wind,8b1fe9a3-1ffd-4840-92dc-43a59f862ef0
1755880.0001,5928071.0001,187,WRD,ACSTN,COMMISSIONED,Wairau Road,8874b7e4-f188-44ce-b4d1-c5ed0c5dec96
1843876.2201,5744662.0401,188,WHN,ACSTN,COMMISSIONED,Whakamaru North,1a87ee34-d5c1-4685-94db-315573b09ca6
1525956.4901,5188223.8601,189,KBY,ACSTN,COMMISSIONED,Kimberley,bac4b0b6-b204-4a64-80cb-6524da3326b6
1865365.1553,5721247.3407,190,THI,ACSTN,COMMISSIONED,Te Mihi,d56c7795-34e9-4a2a-94cb-db568fcd4c5d
1765931.4255,5909052.6903,191,OTC,ACSTN,COMMISSIONED,Otahuhu Combined Cycle Power Station,e715f262-c99c-47ac-8f4c-b4d3c5e709a0
1744184.0001,5436746.0001,192,THW,HVDC,COMMISSIONED,Te Hikowhenua Electrode,4460bfcb-053b-47c2-9ef9-031c6ffc44f2
1736479.0001,5427289.0001,193,OTB,HVDC,COMMISSIONED,Oteranga Bay,43375f00-0325-4533-a3bd-d9283d1701d2
1766284.0001,5442555.0001,195,HAY-DC,HVDC,COMMISSIONED,Haywards DC,f21554ab-7dfe-4483-839d-6ff42f319206
1700617.0001,5426168.0001,196,FTB,HVDC,COMMISSIONED,Fighting Bay,5cd63c43-12b2-4804-9962-b5450ae15ecd
1369653.4414,5060307.3416,197,BGR,HVDC,COMMISSIONED,Bog Roy Electrode,ec0ae955-3a5f-44ae-9179-4b82b939f012
1376975.0001,5061566.0001,200,BEN-DC,HVDC,COMMISSIONED,Benmore DC,fd61ba76-3342-46e9-9303-06dd7d663374
1715540.7915,5671537.9827,275,MKE,OTHER,COMMISSIONED,McKee,23b52a2d-9f13-4137-9360-b7612d1b54cb
1767832.0001,5904856.0001,276,WRT,TEE,COMMISSIONED,Wiri Tee,da190fdd-ec1b-47fa-bbfc-fc48980e6348
1580001.0001,5233551.0001,277,WTT,TEE,COMMISSIONED,Waipara Tee,ec26bbe3-693c-4f11-9368-e0579e6a9d0b
1830057.0001,5529212.0001,278,TWT,TEE,COMMISSIONED,Tararua Wind Central Tee,bd01deb7-4a46-4557-9a2b-615e12380442
1438251.0001,5270702.0001,279,TMR,TEE,COMMISSIONED,Two Mile River Tee,de4d8ebf-3aca-4b93-831b-946d7b2e44fe
1504449.0001,5340455.0001,280,RFC,TEE,COMMISSIONED,Reefton Tee,04d816e9-3a02-4d0e-ab7a-a082bc07b817
1801555.0001,5755843.0001,282,RTO,TEE,COMMISSIONED,Rangitoto Hills Tee,dc4c8ea8-2081-4527-a251-956659d0bed6
1797490.0001,5661076.0001,283,RTR,TEE,COMMISSIONED,Retaruke Tee,5c09f121-d70a-4158-aede-97f2c02ce741
1771851.0001,5899087.0001,284,TAT,TEE,COMMISSIONED,Takanini Tee,42023713-87cf-4781-8ef3-b00c6929b76b
1761122.0001,5447254.0001,285,PNT,TEE,COMMISSIONED,Pauatahanui Tee,ab4ad806-454e-44c5-8391-4ecd181eb65e
1877814.0001,5818875.0001,286,PIE,TEE,COMMISSIONED,Poike Tee,2af553c6-f601-4c2f-b836-7c03f2602acf
1484411.8917,5374833.28,287,ORO,TEE,COMMISSIONED,Orowaiti Tee,338b205a-e2a5-4faa-b441-0971bdf41cea
1441402.0001,5104690.0001,288,OPI,TEE,COMMISSIONED,Opihi Tee,dca8a4f6-70b6-4e04-891d-ae1b74a9c5da
1525843.0001,5187123.0001,289,KBT,TEE,COMMISSIONED,Kimberley Tee,ec2efdb9-5e75-463e-854b-e2d4c8c3087b
1763237.0001,5447072.0001,290,JFD,TEE,COMMISSIONED,Judgeford,49d8135a-d9c5-4ebc-bac8-56f6e8c9f05f
1847518.0001,5775563.0001,291,LFT,TEE,COMMISSIONED,Lichfield Tee,82d70280-f380-48eb-b125-85161cdaaf19
1450073.0001,5267739.0001,292,KHA,TEE,COMMISSIONED,Kawhaka Tee,3c544e25-d7aa-41dd-9457-3db3a22c952b
1699712.0001,5639386.0001,293,KPA,TEE,COMMISSIONED,Kaponga Tee,46946194-5bb8-4583-b13c-761f84013266
1827496.0001,5829363.0001,295,MVE,TEE,COMMISSIONED,Morrinsville Tee,7e8fa359-a116-44a7-b493-533eaf73b1fc
1711710.0001,5678043.0001,296,MKT,TEE,COMMISSIONED,McKee Tee,6d89c591-5149-4f6e-96af-f937a8788172
1742736.0001,5428045.0001,297,MHT,TEE,COMMISSIONED,Makara Heights Tee,ac6e0927-8e83-49fd-a728-ddb6de09ab34
1284304.0001,4883000.0001,298,GOT,TEE,COMMISSIONED,Gore Tee,f73c0506-7e45-43df-95a5-911feeba6342
1450631.0001,5023912.0001,299,GNY,TEE,COMMISSIONED,Glenavy,69552ea9-84e7-4e2b-9f3a-0817f5f79f52
1590028.0001,5270269.0001,300,CUT,TEE,COMMISSIONED,Culverden Tee,1001e29c-4c13-4d61-9fbb-da61c0f212c9
1561600.0001,5173630.0001,301,CHH,TEE,COMMISSIONED,Christchurch Tee,4f23dc77-c470-447c-a8f7-11da5c059d84
1425912.0001,5029886.0001,302,BPC,TEE,COMMISSIONED,Black Point Tee,440437e8-e516-4747-a9ff-b8505c859a83
1504165.0001,5176927.0001,303,BKD,TEE,COMMISSIONED,Brackendale,a12729be-2bf2-4ba5-b6f6-67c43eb32007
1438546.0001,5027023.0001,304,BDT,TEE,COMMISSIONED,Bells Pond Tee,222070f3-5bdf-44c5-9705-f356a47c2a1f
1770083.555,5468017.3782,705,PRT,TEE,COMMISSIONED,Paraparaumu Tee,7be0b117-81b3-4da8-8f35-9b63082c2e35
1695737.4588,5669795.0898,706,JRT,TEE,COMMISSIONED,Junction Road Tee,18b3a66d-4eea-45c7-a706-edb776b5ef39
1695407.2581,5669688.5287,707,JRD,ACSTN,COMMISSIONED,Junction Road,53849635-764f-48cd-8909-0315a643fe19
